{
  "train_loss": [
    0.4628808128086683,
    0.33215969281235574,
    0.2903081377617995,
    0.2530653219294483,
    0.22239474525893416,
    0.21687331929681086,
    0.20397085121931757,
    0.18724615128878352,
    0.18121651484953286,
    0.17628891071766534,
    0.15984050608785666,
    0.1451351634488119,
    0.14389660568750523,
    0.13153798293515187,
    0.13615299651668247,
    0.14258942237423292,
    0.12860577421552155,
    0.13460351636364284,
    0.118859655931795,
    0.11499443195496332,
    0.11006667637532673,
    0.12658033528103815,
    0.11791764514404032,
    0.10837415847369046,
    0.11483758645340272,
    0.10600203448241673,
    0.10258669132107935,
    0.10368885270418848,
    0.09885586777889761,
    0.09010595907469861
  ],
  "val_loss": [
    0.46780553607657405,
    0.34326133043459145,
    0.25690118909472287,
    0.2247372272581157,
    0.21567073523408115,
    0.2403342912692835,
    0.18046290361055053,
    0.15539418692045873,
    0.15746817405861202,
    0.1539902765266966,
    0.14066503145317039,
    0.13539396595246722,
    0.11350335475831928,
    0.13339580108623694,
    0.10949197145971921,
    0.12176291482283337,
    0.10381418599350618,
    0.09739214218784087,
    0.09631858603789074,
    0.0978988631822095,
    0.09664748291863073,
    0.09154506212118829,
    0.07974196236469958,
    0.0792882546487421,
    0.086592531071441,
    0.0733790788615104,
    0.07578026215628822,
    0.07012832887692026,
    0.07567856888664831,
    0.06702491773827242
  ],
  "train_iou": [
    0.560097531174444,
    0.7042396096182779,
    0.7270485987780204,
    0.7639505994742183,
    0.789372904911353,
    0.7827155333448821,
    0.794196186176113,
    0.8056617736491585,
    0.8014870320094054,
    0.8052398184014926,
    0.8272204730426258,
    0.8359939782431081,
    0.8303577924294433,
    0.850716895888222,
    0.8418974600306,
    0.8305851480941356,
    0.8451435942740791,
    0.8309684286975081,
    0.8540117732510579,
    0.855480374205015,
    0.8628084630342531,
    0.8361577620623222,
    0.8516759031150256,
    0.8598601251272154,
    0.8514156911613506,
    0.8616213217093445,
    0.8633281517093773,
    0.8642157615043162,
    0.8672200408878379,
    0.8805024445219326
  ],
  "val_iou": [
    0.6425204436377724,
    0.6859249165742705,
    0.7630189350335905,
    0.7946497278638406,
    0.7850881626110265,
    0.7466393803605939,
    0.8078971103866501,
    0.862693188804211,
    0.8362931839310297,
    0.8423683637439614,
    0.8522843364441749,
    0.8561233441428383,
    0.8916595719828464,
    0.8426620417302197,
    0.8933460305232813,
    0.8816369919493647,
    0.8807372167558953,
    0.8944386550695589,
    0.8943708550811994,
    0.8857355070586251,
    0.8842201132585507,
    0.9022074872904485,
    0.9179660778234501,
    0.913762074885982,
    0.9004624379743443,
    0.9160020138957713,
    0.9138493266436133,
    0.925063694467639,
    0.9162682371564431,
    0.9206263098386255
  ],
  "train_pixel_acc": [
    0.8102425317348512,
    0.8883541437520643,
    0.9038286350403559,
    0.9198801325842211,
    0.9319865055564963,
    0.929328441619873,
    0.9332398056009484,
    0.9403387179816451,
    0.9396016812129632,
    0.9404656520006767,
    0.946904237328823,
    0.9522605299624824,
    0.950683095149838,
    0.9559735293609245,
    0.952579717382748,
    0.9487878464223254,
    0.9539337167947753,
    0.9497573815834295,
    0.9574198297323908,
    0.9578940585783456,
    0.9596885254337613,
    0.9521319326977639,
    0.9553892476032475,
    0.9589802179414505,
    0.9558887540157225,
    0.9602713110661312,
    0.9607511109162417,
    0.9603565856611371,
    0.9620298549979519,
    0.966030526550979
  ],
  "val_pixel_acc": [
    0.843045980033308,
    0.8700102254895881,
    0.9159650153452807,
    0.9338315465662739,
    0.9273270704958698,
    0.9066486936984676,
    0.9361368311513768,
    0.9579636973909812,
    0.9499507186436417,
    0.9490941131469046,
    0.9535638808023812,
    0.9555781920357506,
    0.9682763750010198,
    0.9519132110151914,
    0.9685428738594055,
    0.9656715027176508,
    0.9649845550555994,
    0.9685620618338632,
    0.9684189900313274,
    0.9662502797523348,
    0.9651419756436111,
    0.9713273762476327,
    0.9756652535778461,
    0.9749097163134283,
    0.9711459320370514,
    0.9754584301816355,
    0.974818466323437,
    0.9779818695370514,
    0.9754531413021654,
    0.9764695887518401
  ],
  "train_precision": [
    0.6310798775922375,
    0.7714875530481988,
    0.8040220032595808,
    0.8311316416438984,
    0.860495122154662,
    0.8584358487531989,
    0.8697844893146276,
    0.8863648916785009,
    0.8903208016049959,
    0.8928090441129513,
    0.901059791892361,
    0.9141561856711593,
    0.9106990115194294,
    0.9185440085564387,
    0.919222180947296,
    0.9082940651220587,
    0.9205727292991139,
    0.9149096247610669,
    0.9201973722156452,
    0.9272021576559186,
    0.924910594072264,
    0.92118258843305,
    0.9199668649756616,
    0.9302850136639962,
    0.9215569950904119,
    0.9294903837042868,
    0.9323619024305317,
    0.9286618830397604,
    0.9350363068099893,
    0.9420839372707648
  ],
  "val_precision": [
    0.6492632391429184,
    0.691519011365305,
    0.8081735520079585,
    0.871572473261616,
    0.8347088027708601,
    0.7706985072334214,
    0.8510108861592737,
    0.9174987419997112,
    0.9228042859842281,
    0.8800809395195234,
    0.9028181498593623,
    0.9126089711000424,
    0.981243079251582,
    0.9248064632462983,
    0.9645525842609972,
    0.974827507934948,
    0.961774994831274,
    0.9486397681850018,
    0.9538554808881023,
    0.9581532767503569,
    0.9370330223942748,
    0.9706874495685691,
    0.98105788821041,
    0.9895806117813186,
    0.9888669435340579,
    0.9798923341354521,
    0.9892629426304657,
    0.9837427156986577,
    0.9865456070050155,
    0.9825422722514313
  ],
  "train_recall": [
    0.7971197133655444,
    0.8884134224390139,
    0.8964857805002613,
    0.9140521586753367,
    0.9207406896661348,
    0.9109333188397358,
    0.9109155842653737,
    0.9162724758688695,
    0.907654843960536,
    0.9078466333550393,
    0.9206004055059573,
    0.9242455377890564,
    0.9249582842845033,
    0.9341367385692753,
    0.9215801549867323,
    0.9188370537368088,
    0.924649209677361,
    0.9160932336581176,
    0.9370823180967846,
    0.9302643345877001,
    0.9396355662099022,
    0.9159340082137396,
    0.9305646825551337,
    0.9311402521276344,
    0.9294500545844719,
    0.9359715848917532,
    0.9355166984838751,
    0.9377755246630157,
    0.9371119029515446,
    0.9419457516163506
  ],
  "val_recall": [
    0.9832371272663079,
    0.9875471751288613,
    0.9297689895818729,
    0.899429959235805,
    0.9302974644273815,
    0.9592657360700098,
    0.9428797842252372,
    0.9353558314908849,
    0.900574514771452,
    0.9513662823356024,
    0.9382103410097632,
    0.9337434597534708,
    0.9073840125952617,
    0.9049262369033133,
    0.9238933366123993,
    0.9022832925957028,
    0.9126407515884626,
    0.9400766515495753,
    0.9348354321895259,
    0.9211840570563137,
    0.9403470801835013,
    0.9277153941664366,
    0.9346686589835894,
    0.9227215033946651,
    0.9096315686065372,
    0.9335795003588837,
    0.9230319704159652,
    0.9395525479080653,
    0.927933155310036,
    0.9360535581513206
  ],