{
  "train_loss": [
    0.429536019099181,
    0.3297705020176942,
    0.3132733289730971,
    0.27849748771262106,
    0.248591592713013,
    0.23768545914573305,
    0.22596166041306645,
    0.20345728493191564,
    0.1913502978856297,
    0.1817151305217509,
    0.15970240529291635,
    0.1668063744862008,
    0.1494310982220829,
    0.14115501152559587,
    0.14346809835459945,
    0.13944519288858212,
    0.14592517695163837,
    0.1304748060755249,
    0.12249373417215711,
    0.11987720040112165,
    0.11309910738175831,
    0.10792191842271456,
    0.10820131966138731,
    0.11228791005117691,
    0.09875318387711081,
    0.09662003798933055,
    0.09058096265922776,
    0.09192555815955923,
    0.09301304703512374,
    0.10205015331019497
  ],
  "val_loss": [
    0.5315644705649649,
    0.22916114595856998,
    0.23734912276268005,
    0.2605518424274898,
    0.22946414469492318,
    0.22775129250960774,
    0.18276630371513933,
    0.18261460340259097,
    0.18860119463193534,
    0.1580302477768152,
    0.1524986435871313,
    0.1475890795193096,
    0.13614488105372627,
    0.1369223841051064,
    0.11176571766338726,
    0.1276117349320119,
    0.11228592856095569,
    0.10306599559170185,
    0.13455883465190926,
    0.1044364344365526,
    0.0922574629582981,
    0.08511947656031882,
    0.10067067701037567,
    0.09641656563571184,
    0.09155512427782068,
    0.07233959617148532,
    0.06526616673068245,
    0.07788255906636173,
    0.07095930031915702,
    0.08394995394467127
  ],
  "train_iou": [
    0.5918670977168902,
    0.693781240597083,
    0.7020956131677861,
    0.741271682428729,
    0.7756806582780885,
    0.7764392722530001,
    0.7803672811965526,
    0.8018923291393457,
    0.8154858902949403,
    0.8163563376876249,
    0.841221669876608,
    0.8266640495539361,
    0.8392961340314361,
    0.8449261349293452,
    0.8414832504633661,
    0.838776748576671,
    0.828055562050531,
    0.8536863010325939,
    0.8538650625083362,
    0.8536307980643956,
    0.8637458529394394,
    0.8676679462438058,
    0.8643946995202462,
    0.8617342788452024,
    0.8781484045514618,
    0.8779639440921087,
    0.8841483625469155,
    0.8808595515401877,
    0.881627359734569,
    0.8649779031971819
  ],
  "val_iou": [
    0.5998391768719891,
    0.800960626932654,
    0.7715479566319154,
    0.7766718740510469,
    0.7842992237298796,
    0.7765657128673968,
    0.824010703823354,
    0.8330489709825799,
    0.8232653489207277,
    0.8562432863924763,
    0.8599510192871094,
    0.8510828024089927,
    0.8498985549010852,
    0.8592690908082641,
    0.8975045574773656,
    0.8605774794474687,
    0.8766013938601654,
    0.893795621867227,
    0.8591461476713124,
    0.8844948292958854,
    0.9026043479985529,
    0.9139232682709647,
    0.8906033068600268,
    0.8904821064212535,
    0.9048102321011005,
    0.9229493206090266,
    0.9343211402987489,
    0.9170147457925399,
    0.9244110755401083,
    0.8996186403944941
  ],
  "train_pixel_acc": [
    0.8109947022365289,
    0.8831756355327222,
    0.8896205402524985,
    0.9094683992440434,
    0.9255653413504931,
    0.9266561578340037,
    0.9289289680423789,
    0.9361853753838292,
    0.941868836938198,
    0.9427800410774813,
    0.9529846779981815,
    0.9464962422360517,
    0.9522315508987989,
    0.9553993503469213,
    0.9531955982099112,
    0.9528372455033035,
    0.9491166792383636,
    0.955846054839828,
    0.957642018307782,
    0.9583640043352215,
    0.9605279665551978,
    0.9621153384528303,
    0.9618233010294652,
    0.9597215790514725,
    0.9653308268139082,
    0.9653504092946689,
    0.968003276096053,
    0.9670727813276349,
    0.9664368179578547,
    0.9626328060022816
  ],
  "val_pixel_acc": [
    0.8065718843205141,
    0.9407968049002166,
    0.9218703177895876,
    0.9227633346425425,
    0.9286749805554305,
    0.9249468522496743,
    0.945068359375,
    0.950952661509561,
    0.9443277811059857,
    0.9560356535533867,
    0.9592192993305697,
    0.9557520818002153,
    0.9549980547168467,
    0.958610460309699,
    0.9694153430438278,
    0.958964734384329,
    0.9636440483650358,
    0.9694348343528143,
    0.9551896205042848,
    0.9658671481774586,
    0.9711932185852882,
    0.9743676510187659,
    0.9679915946308929,
    0.9682034041621898,
    0.9724802445657182,
    0.9775200279632418,
    0.9806514022373917,
    0.976127550743594,
    0.9777073641814807,
    0.9706555357073793
  ],
  "train_precision": [
    0.6731326604409179,
    0.7733114777533819,
    0.7836174354241394,
    0.8241506397561741,
    0.8579233844208782,
    0.8641277691324011,
    0.8678205997482632,
    0.8783867747322415,
    0.8893722333115518,
    0.8909625869031174,
    0.9137054623310182,
    0.8978783156956249,
    0.9114147267159715,
    0.9224622402269119,
    0.9155982778247761,
    0.9196228901436933,
    0.9180337322180537,
    0.9241842104563596,
    0.9259428580060641,
    0.9263493030532505,
    0.9333958908387686,
    0.9342278138168502,
    0.940269724062418,
    0.9334269157872213,
    0.9425546950800218,
    0.940594275413482,
    0.9506176445399708,
    0.9458917272188359,
    0.9408419885817275,
    0.9402110649714353
  ],
  "val_precision": [
    0.6007478467308649,
    0.9404608099767477,
    0.8268629359726859,
    0.8261560809494245,
    0.8567903620181697,
    0.841193943920702,
    0.8998578456368777,
    0.9619377703949956,
    0.8937426870412165,
    0.9200468812838639,
    0.976810370341386,
    0.9536585129133546,
    0.9405795920013201,
    0.9603381599530135,
    0.9507361024913221,
    0.9569927937913649,
    0.962014108011038,
    0.9830955361375714,
    0.8969214588108629,
    0.9589409208533788,
    0.9596262031262464,
    0.9705439422390248,
    0.9888633359776865,
    0.9920453429222107,
    0.9896483875737332,
    0.983084781335132,
    0.9814874600655962,
    0.9820358387314447,
    0.959279225604369,
    0.9868458946152489
  ],
  "train_recall": [
    0.8313548975809394,
    0.8591395715601763,
    0.8649055676824066,
    0.8807877982669695,
    0.8958111661981172,
    0.8895880750479426,
    0.8948406458550643,
    0.9109946996054792,
    0.9157485697184986,
    0.9164611953805513,
    0.9266781420408867,
    0.9224873001633938,
    0.9278378392435225,
    0.9259130517858251,
    0.9258378429049042,
    0.9205075283141487,
    0.9067854977108802,
    0.926626290385015,
    0.9303617131482678,
    0.9320571071770276,
    0.9330203905092598,
    0.9377938249130665,
    0.9295590657953995,
    0.9281652080915279,
    0.93918788108254,
    0.9415220053059529,
    0.9403435076289995,
    0.9421034034656244,
    0.9444506780652974,
    0.929346979638861
  ],
  "val_recall": [
    0.9960460473995397,
    0.843269928257064,
    0.9228131771087646,
    0.9297430019567509,
    0.903480331496437,
    0.9119674699141247,
    0.9069340836883771,
    0.8621002140611705,
    0.9128599757015115,
    0.924347703999812,
    0.8782095732075152,
    0.8884073826346067,
    0.898585866583456,
    0.8917274020686008,
    0.9414042027870028,
    0.8958315211947602,
    0.9085968178097564,
    0.9078723847275914,
    0.9519664114064509,
    0.9194608277613574,
    0.9384174559376027,
    0.9405326813754469,
    0.8998851463346198,
    0.8971301871951264,
    0.9136359744732923,
    0.9382035844396837,
    0.9514108890354043,
    0.9326055510209339,
    0.9620908475158239,
    0.9107763094477134
  ],