{
  "train_loss": [
    0.3483524734232606,
    0.24802738607931538,
    0.22013503155788453,
    0.19882723860380028,
    0.18905759498351762,
    0.17792164456944506,
    0.16930966770949485,
    0.16513186381644562,
    0.15963158737210667,
    0.152046699493873,
    0.1511083533433305,
    0.14685732219900405,
    0.1429435279790093,
    0.13944920090316723,
    0.13748426327184468,
    0.13417315510140748,
    0.13435675929574406,
    0.1335702832807012,
    0.12839475040175333,
    0.12637598244082027,
    0.12569014554264166,
    0.12462271312705608,
    0.1215287376401805,
    0.11989081230985016,
    0.11969414628102999,
    0.11771179549583868,
    0.11553108576215616,
    0.11547698208263941,
    0.11438262519716215,
    0.1128943658776644
  ],
  "val_loss": [
    0.23779303944110872,
    0.2029757925271988,
    0.17994801115989684,
    0.17457958495616913,
    0.15312932723760606,
    0.15246569335460664,
    0.14541611206531524,
    0.13804874807596207,
    0.13836253094673157,
    0.12569328612089156,
    0.13423163783550263,
    0.12664019733667373,
    0.13026760840415955,
    0.12020832407474517,
    0.1212728037238121,
    0.11687552779912949,
    0.11954322373867035,
    0.11443172031641007,
    0.11247725069522857,
    0.11603123146295548,
    0.11018079930543899,
    0.10457872354984284,
    0.10734885489940643,
    0.10710655102133751,
    0.10318766170740128,
    0.10254173314571381,
    0.10290674966573715,
    0.0982774438560009,
    0.10333825901150703,
    0.09777978724241257
  ],
  "train_iou": [
    0.627950566395992,
    0.7130733792922076,
    0.7368168056311728,
    0.7581139412447184,
    0.7688785858915633,
    0.7802973174247421,
    0.7897817009837688,
    0.7937647054576072,
    0.8014546523775373,
    0.8098107726233346,
    0.8097773113571295,
    0.8146843404729827,
    0.8195797935453784,
    0.8228984678893531,
    0.8252420750786277,
    0.8306697390660518,
    0.8294438211056364,
    0.8294059914500773,
    0.8364503654111334,
    0.8392308981679066,
    0.8402285374913897,
    0.8403511156354632,
    0.8451939615682393,
    0.8467074746644797,
    0.8467340220924185,
    0.8491414285307171,
    0.85047094829944,
    0.8515845997393632,
    0.8526490041388183,
    0.8539009772028242
  ],
  "val_iou": [
    0.7513828239446997,
    0.7755397720343228,
    0.7969661126143573,
    0.8004490609175806,
    0.8223930869109276,
    0.8271981821066626,
    0.8341032581336157,
    0.8425636310584469,
    0.8428775711066538,
    0.854503643036611,
    0.8483407063491215,
    0.8561087732322216,
    0.8529516282088218,
    0.8596777753837227,
    0.8572878341682265,
    0.8667505893714527,
    0.8622318525321473,
    0.863013907433387,
    0.8649993438728275,
    0.8648357563026233,
    0.8709367079742657,
    0.8739081263550332,
    0.8679033236512167,
    0.8732690434463659,
    0.8773107628830776,
    0.8807847547539029,
    0.8799554767616563,
    0.8813043990143494,
    0.8770438823707974,
    0.8821720795639497
  ],
  "train_pixel_acc": [
    0.8444606032091029,
    0.8911602168724316,
    0.9027193368583166,
    0.9124197619702635,
    0.9167902637930477,
    0.9223725340947384,
    0.9264012955417152,
    0.9277306360356948,
    0.930482285523615,
    0.934106507000803,
    0.9341137953165198,
    0.9362304432051523,
    0.9380629750460135,
    0.9395102622128334,
    0.9403249173805494,
    0.9421619627255352,
    0.9419249566663214,
    0.9423475712287326,
    0.9447272498868092,
    0.9457291548192001,
    0.9459711155570856,
    0.9463860674866107,
    0.9480826293921271,
    0.9483670634782615,
    0.9486284734421417,
    0.9495683841144338,
    0.9502184085685665,
    0.9505490600161192,
    0.9510923960829983,
    0.9515911302446317
  ],
  "val_pixel_acc": [
    0.9024402160644531,
    0.9140544738769532,
    0.9244967651367187,
    0.9288344421386718,
    0.9353975524902344,
    0.937223388671875,
    0.9387080078125,
    0.9437855834960938,
    0.9432438659667969,
    0.9487890319824219,
    0.9451414489746094,
    0.9489289245605469,
    0.9458113403320313,
    0.9501604919433594,
    0.9505210266113281,
    0.9537564697265625,
    0.9518701171875,
    0.9536293334960938,
    0.9527207336425781,
    0.9537063293457031,
    0.9556300964355469,
    0.9572382202148437,
    0.9560638122558593,
    0.9564637145996093,
    0.9584941101074219,
    0.9598641967773438,
    0.9587459411621094,
    0.9596881408691407,
    0.9581989135742187,
    0.9600674438476563
  ],
  "train_precision": [
    0.7192758034658031,
    0.8042961478233337,
    0.8273639000363711,
    0.8441881818130237,
    0.8517271442172908,
    0.8628059400029543,
    0.8709263801374355,
    0.8732587302632693,
    0.8769584653557849,
    0.8832653966270575,
    0.883796304274006,
    0.8873585341557735,
    0.8902152660514127,
    0.8924308899871441,
    0.8942464497510124,
    0.8964617741007764,
    0.8967332897667123,
    0.8978847703813505,
    0.9022358489837967,
    0.9033961035624272,
    0.9039291857470986,
    0.9047195038474909,
    0.9080188308042638,
    0.9079943415096828,
    0.9086983871059258,
    0.9107452473319879,
    0.9112343189295601,
    0.9123423347753638,
    0.9143333995843134,
    0.9140533199630866
  ],
  "val_precision": [
    0.8211084432602677,
    0.8427203526497672,
    0.8673854646683568,
    0.8991602468491431,
    0.8812633943558565,
    0.8930709409714537,
    0.8762289886475434,
    0.8985675358773132,
    0.8898336157799609,
    0.9037333760262409,
    0.8931225428582088,
    0.9035216283799088,
    0.8839621543885081,
    0.9011316590310018,
    0.9151433167458495,
    0.9177921462059903,
    0.9150808324814702,
    0.9239327654839566,
    0.9018796963692631,
    0.9231218438149398,
    0.9215052008629794,
    0.9195307803154961,
    0.9256083421708146,
    0.9179584832192422,
    0.921435967922314,
    0.9282907147408491,
    0.9175244259835245,
    0.9218850717545553,
    0.9243727312088985,
    0.9266519408226995
  ],
  "train_recall": [
    0.8262996637620845,
    0.8665146576657015,
    0.874471751922319,
    0.8863479350394562,
    0.892030230770592,
    0.8969046535011099,
    0.8999239194493334,
    0.9018901137544327,
    0.9073896466383413,
    0.9110047245426338,
    0.9110410994241218,
    0.9138713819038968,
    0.9167568030477572,
    0.9189505412197915,
    0.9196846665855215,
    0.923010101378465,
    0.9218001385296092,
    0.9216878794421669,
    0.9246227229743444,
    0.9265756429744367,
    0.9275088301025519,
    0.9274906281863942,
    0.9291141865033061,
    0.9306315799520797,
    0.9300047249553585,
    0.9314329087233343,
    0.9322647245190725,
    0.9325015824582397,
    0.931338525579757,
    0.9338029852033664
  ],
  "val_recall": [
    0.9061668267250061,
    0.9136501059532166,
    0.9143292088508606,
    0.8884402856826782,
    0.9315020833015442,
    0.9247532410621643,
    0.9506377830505371,
    0.9373871116638184,
    0.9466575312614441,
    0.9462122440338134,
    0.9490907378196717,
    0.9475025811195373,
    0.9639478230476379,
    0.9542088851928711,
    0.937773208618164,
    0.9454354925155639,
    0.9425217161178588,
    0.9348334836959838,
    0.9600492568016052,
    0.9387937297821045,
    0.9459990448951722,
    0.951881694316864,
    0.9401545019149781,
    0.9516735811233521,
    0.9528659811019897,
    0.9502596554756164,
    0.9598810243606567,
    0.9568115215301514,
    0.9488790383338929,
    0.9529114375114441
  ],