{
  "train_loss": [
    0.35440169170123187,
    0.2642813115410444,
    0.22895348146182148,
    0.20982986431161896,
    0.19458902130607797,
    0.182406634042243,
    0.17682667728231735,
    0.16686148425110248,
    0.1596099296537768,
    0.1528763124471953,
    0.15071233216454,
    0.1450161476495887,
    0.14219876043936786,
    0.13677640627913115,
    0.1353044834858229,
    0.13367987149903754,
    0.1303981062794934,
    0.12683229106314042,
    0.1269700709611428,
    0.12261112262972262,
    0.12078650074345725,
    0.11890211435927063,
    0.11978201600182958,
    0.11614878759163769,
    0.1130784677257057,
    0.11200719355785546,
    0.11095192188976191,
    0.11110974937176504,
    0.10943234494754246,
    0.10747338132197115
  ],
  "val_loss": [
    0.2657832028865814,
    0.22981020426750184,
    0.22469083178043364,
    0.19878285944461824,
    0.16395495307445526,
    0.161199311375618,
    0.17179862409830093,
    0.14094287419319154,
    0.13559351283311843,
    0.13064988964796068,
    0.12391792410612107,
    0.12104985284805297,
    0.11393960386514664,
    0.1107969178557396,
    0.11930108159780502,
    0.10774808400869369,
    0.10539444264769554,
    0.1113147644996643,
    0.09784034830331802,
    0.10105745351314545,
    0.09557697147130967,
    0.10202627360820771,
    0.0932256923019886,
    0.09799087551236153,
    0.09572382241487504,
    0.10139991211891174,
    0.0973378544151783,
    0.09440385463833809,
    0.0930204021036625,
    0.09583331754803658
  ],
  "train_iou": [
    0.6233685949069111,
    0.6944326676641192,
    0.725402862765208,
    0.7441186730601207,
    0.7600644927665967,
    0.7740740137540993,
    0.7793381715421918,
    0.7903492769073037,
    0.7998059262548174,
    0.8078431973337126,
    0.8102185663656026,
    0.8172377609204845,
    0.8204009299117978,
    0.8278320760085803,
    0.8284604327217872,
    0.8316821577168313,
    0.8342103298171227,
    0.8370104625445454,
    0.8379331330491715,
    0.8421248745717922,
    0.8464118017268782,
    0.8468331433945343,
    0.8465162249172435,
    0.8501863772728864,
    0.853571384133411,
    0.8554126105589025,
    0.8561957679075354,
    0.8565934038963638,
    0.8567811308387948,
    0.8592916982113814
  ],
  "val_iou": [
    0.7139048795706042,
    0.753052697659133,
    0.7539990434652772,
    0.7754358282095589,
    0.808841191292496,
    0.8200571293837381,
    0.8043741116530698,
    0.8418312125212443,
    0.8503400473600876,
    0.8529514241225327,
    0.8587666158683224,
    0.8602864589698274,
    0.8669894847876797,
    0.8688628788001678,
    0.84954877567373,
    0.872679456234722,
    0.8777581753738348,
    0.8724826173789351,
    0.881973067761252,
    0.8808057451255525,
    0.888353510380575,
    0.8855280427940205,
    0.8890020065315497,
    0.8855282049186985,
    0.8881685819633677,
    0.8826302180297364,
    0.8874082570083722,
    0.8901058797843947,
    0.8854374370583281,
    0.8872588682182844
  ],
  "train_pixel_acc": [
    0.8430133673523654,
    0.8833206921665608,
    0.8987896832498182,
    0.9073442168195709,
    0.9142218275631175,
    0.9197605370874165,
    0.9221720463488282,
    0.9271587418107425,
    0.9308737773654842,
    0.9338720550857672,
    0.9350381700932479,
    0.9374816895933712,
    0.9387321357566769,
    0.9411620324799994,
    0.9417314751809385,
    0.943113762410749,
    0.9438679415438356,
    0.9455928566275524,
    0.9455918667296401,
    0.9473467454589716,
    0.9483463064562373,
    0.9492466570750004,
    0.948698540795751,
    0.950204683291812,
    0.9517816163111134,
    0.9524036928385246,
    0.9527573992023949,
    0.9528117768904742,
    0.9531829630026296,
    0.9540572942204836
  ],
  "val_pixel_acc": [
    0.8864198913574218,
    0.9039800109863281,
    0.89945703125,
    0.9132646789550781,
    0.9301447143554687,
    0.9331484069824219,
    0.9294335632324219,
    0.9410106506347656,
    0.9450767517089844,
    0.946630615234375,
    0.9493098754882813,
    0.95096044921875,
    0.9526504211425781,
    0.9541598205566406,
    0.9497020263671875,
    0.956224609375,
    0.95801513671875,
    0.9544293823242187,
    0.9595757141113281,
    0.9589202880859375,
    0.9618791809082031,
    0.9601051940917968,
    0.9622886962890626,
    0.9613902282714843,
    0.9611250305175781,
    0.9591123962402344,
    0.9619071655273438,
    0.96206640625,
    0.9621867980957032,
    0.9627774047851563
  ],
  "train_precision": [
    0.7240330147943577,
    0.7922118609492518,
    0.8213009066742007,
    0.8376013977988428,
    0.8465228232015081,
    0.857178251322578,
    0.8627477381009013,
    0.871831557189717,
    0.8792480694346068,
    0.8844747649521387,
    0.8861550917344935,
    0.8906348161336755,
    0.8925208471602752,
    0.8968222328995457,
    0.8972904407276827,
    0.9001668870148538,
    0.9027021785343394,
    0.9047408299285824,
    0.9049942095540151,
    0.9072878168610965,
    0.9073513752071798,
    0.9106540230141968,
    0.908959610722646,
    0.9115495655115913,
    0.9148270224523144,
    0.9153446920178517,
    0.9168950197877003,
    0.9168860828375616,
    0.917137963871996,
    0.9189576716382964
  ],
  "val_precision": [
    0.8045321202278867,
    0.8284463391304739,
    0.7970939483643331,
    0.8361303162575545,
    0.8716723046303627,
    0.8677963361740897,
    0.8799325461388473,
    0.8746558642388171,
    0.8930105986595912,
    0.88499942302712,
    0.897692535400476,
    0.9172219009400268,
    0.9043609366417772,
    0.9093155674935258,
    0.9320240650177982,
    0.922458649158568,
    0.9301926827431644,
    0.9055674190522088,
    0.9233349366188992,
    0.9265028533936442,
    0.9267642078400611,
    0.9201354722977586,
    0.9267444896698958,
    0.928682358741856,
    0.9190621585846895,
    0.931566304683771,
    0.9340839982033708,
    0.9255706915856329,
    0.9405984992981948,
    0.9397415132523561
  ],
  "train_recall": [
    0.8224468400097694,
    0.85315491209511,
    0.866960366533584,
    0.8744975956948865,
    0.8865522875906039,
    0.8934428270924993,
    0.8948917276518685,
    0.9001683337948904,
    0.9034677482252361,
    0.9080564548388249,
    0.9095264051140858,
    0.9126494878079711,
    0.915087024504397,
    0.9183967682293483,
    0.919248012013796,
    0.9205233856810241,
    0.920488418170384,
    0.9237448583530778,
    0.9230016499407151,
    0.9264068401961767,
    0.9301217584249353,
    0.9291704861456607,
    0.9296788435022371,
    0.9312804125136688,
    0.9327835614540998,
    0.934164046099206,
    0.9335672414002298,
    0.934135622697718,
    0.9349797688812769,
    0.9356136890619743
  ],
  "val_recall": [
    0.8750030422210693,
    0.9010241737365723,
    0.9362532796859742,
    0.9206713042259216,
    0.9247619338035583,
    0.9433772783279419,
    0.9120666193962097,
    0.9613013944625854,
    0.9511967558860779,
    0.9639253449440003,
    0.9564032340049744,
    0.9379153447151184,
    0.9590437045097351,
    0.9565812554359436,
    0.9115766568183898,
    0.9468932790756226,
    0.9435783905982971,
    0.962337121963501,
    0.9554419655799866,
    0.9509552140235901,
    0.9589288139343262,
    0.9622487735748291,
    0.959746681690216,
    0.9540154314041138,
    0.9662017188072205,
    0.9470304989814758,
    0.9503111505508423,
    0.9620447483062744,
    0.9424760870933533,
    0.9466188750267028
  ],